<?xml version="1.0" encoding="UTF-8"?>
<beans xmlns="http://www.springframework.org/schema/beans"
	xmlns:xsi="http://www.w3.org/2001/XMLSchema-instance" xmlns:aop="http://www.springframework.org/schema/aop"
	xmlns:context="http://www.springframework.org/schema/context"
	xmlns:jdbc="http://www.springframework.org/schema/jdbc" xmlns:tx="http://www.springframework.org/schema/tx"
	xmlns:mvc="http://www.springframework.org/schema/mvc" xmlns:jaxws="http://cxf.apache.org/jaxws"
	xsi:schemaLocation="
	http://www.springframework.org/schema/beans http://www.springframework.org/schema/beans/spring-beans-4.1.xsd
	http://www.springframework.org/schema/aop http://www.springframework.org/schema/aop/spring-aop-4.1.xsd
	http://www.springframework.org/schema/context http://www.springframework.org/schema/context/spring-context-4.1.xsd
	http://www.springframework.org/schema/jdbc http://www.springframework.org/schema/jdbc/spring-jdbc-4.1.xsd
    http://www.springframework.org/schema/tx http://www.springframework.org/schema/tx/spring-tx-4.1.xsd
    http://www.springframework.org/schema/mvc http://www.springframework.org/schema/mvc/spring-mvc-4.1.xsd
	http://cxf.apache.org/jaxws http://cxf.apache.org/schemas/jaxws.xsd">

	<!-- 公众号鉴权 -->
    <bean id="oAuthToken" class="com.vf.parent.wx.oc.OAuthToken">
        <property name="appid" value="wxd4e819bcfca2b9af" />
        <property name="appsecret" value="2cadd87943a3078812998c91b8eec293" />
    </bean>

    <!-- h5支付 -->
    <bean id="h5Pay" class="com.vf.parent.wx.pay.H5Pay">
        <property name="appid" value="wxd4e819bcfca2b9af" />
        <property name="mchid" value="111111" />
        <property name="apiid" value="11111111" />
        <property name="notifyurl" value="http://aaa.aa.cn/payCallBack/wx" />
    </bean>

    <!-- jsApi -->
    <bean id="jsApiTicket" class="com.vf.parent.wx.oc.JSApiTicket">
        <property name="oAuthToken" ref="oAuthToken" />
    </bean>
    
    <!-- 客服接口 -->
    <bean id="message" class="com.vf.parent.wx.oc.Message">
        <property name="oAuthToken" ref="oAuthToken" />
    </bean>
    
    <!-- 菜单接口 -->
    <bean id="menu" class="com.vf.parent.wx.oc.Menu">
        <property name="oAuthToken" ref="oAuthToken" />
    </bean>
    
</beans>